[
  {
    "baseType": 3,
    "name": "Details",
    "defaultValue": "Details",
    "description": "Details for notifications",
    "helpText": "",
    "isSystem": false,
    "minLength": 0,
    "maxLength": 2000,
    "validationRegex": "",
    "isValidate": false
  },
  {
    "baseType": 3,
    "name": "Title",
    "defaultValue": "Title",
    "description": "Title for notifications",
    "helpText": "",
    "isSystem": false,
    "minLength": 0,
    "maxLength": 200,
    "validationRegex": "",
    "isValidate": false
  }
]