[
  {
    "baseType": 3,
    "name": "Details",
    "defaultValue": "Details",
    "description": "Details for notifications",
    "helpText": "",
    "isSystem": false,
    "minLength": 0,
    "maxLength": 2000,
    "validationRegex": "",
    "isValidate": false,
    "uuid": "22e5668a-121b-4ab6-9497-11c461e1cd72"
  },
  {
    "baseType": 3,
    "name": "FileName",
    "defaultValue": "",
    "description": "",
    "helpText": "",
    "isSystem": false,
    "minLength": 0,
    "maxLength": 400,
    "validationRegex": "",
    "isValidate": false,
    "uuid": "b8843866-6047-4f90-b83d-0abc95bd15e1"
  },
  {
    "baseType": 3,
    "name": "Status",
    "defaultValue": "",
    "description": "",
    "helpText": "",
    "isSystem": false,
    "minLength": 0,
    "maxLength": 50,
    "validationRegex": "",
    "isValidate": false,
    "uuid": "c4076c59-d56a-4186-897f-fe36a2554ff8"
  },
  {
    "baseType": 3,
    "name": "Title",
    "defaultValue": "Title",
    "description": "Title for notifications",
    "helpText": "",
    "isSystem": false,
    "minLength": 0,
    "maxLength": 200,
    "validationRegex": "",
    "isValidate": false,
    "uuid": "b4d80205-55cb-4da0-b6a3-9108f3823aac"
  }
]