{
  "integrations": [
    {
      "id": "26c2df6a-f02d-480d-807b-dade9cc4faa5",
      "name": "OctoPrint Form - Status",
      "action": "RUN_SCRIPT",
      "type": "OUTBOUND_WEBHOOK",
      "triggeredBy": "STATUS",
      "deployed": true,
      "form": "12ac41d7-6da0-4e0e-b570-88163e440f4d",
      "environment": "HOSTED",
      "authType": "NONE",
      "createdBy": "FLOW"
    },
    {
      "id": "230e70a4-f299-459e-9ad3-9b89f1435944",
      "name": "OctoPrint Notifications",
      "action": "CREATE_EVENT_SIMPLE",
      "type": "INBOUND_WEBHOOK",
      "deployed": true,
      "form": "12ac41d7-6da0-4e0e-b570-88163e440f4d",
      "script": "var plan_id = '7539186c-5aab-42bd-8e05-38b9df47782a', form_id = '12ac41d7-6da0-4e0e-b570-88163e440f4d';\nvar xm_ver = 1;\n\nvar endpointpath = '/api/xm/' + xm_ver + '/plans/' + plan_id + '/forms/' + form_id + '/triggers';\n\nvar req = http.request({\n    method: 'POST',\n    endpoint: 'xMatters',\n    path: endpointpath,\n    headers: {\n        'Content-Type': 'application/json',\n    }\n});\n\n// Add requestId to payload\nvar payload = JSON.parse(request.body);\nif (!payload) {\n    payload = {};\n}\npayload.requestId = request.requestId;\npayload.integrationUUID = request.integrationUuid;\n\nvar response = req.write(payload);\n\n// If not 2xx response, throw exception to fail the integration\nif (response.statusCode >= 300) {\n    throw \"Failed to make call to xMatters endpoint. Path: \" + endpointpath + \". Server responded with status \" + response.statusCode;\n}\n\n",
      "environment": "HOSTED",
      "authType": "API_KEY",
      "createdBy": "IB"
    }
  ],
  "endpoints": [
    {
      "name": "vadim.svv@gmail.com",
      "baseUrl": "https://slack.com/api",
      "type": "EXTERNAL",
      "authentication": "OAUTH_SLACK"
    }
  ],
  "constants": []
}