{
  "integrations": [
    {
      "id": "c22000a3-8fa0-493d-a5ee-f6274bac61b5",
      "name": "OctoPrint Notifications",
      "action": "CREATE_EVENT_SIMPLE",
      "type": "INBOUND_WEBHOOK",
      "deployed": true,
      "form": "3e7d6365-b595-4ae1-ad59-66f92265ba8c",
      "script": "var plan_id = 'e5f0dc78-09c3-46d1-a800-f88d716eccd4', form_id = '3e7d6365-b595-4ae1-ad59-66f92265ba8c';\nvar xm_ver = 1;\n\nvar endpointpath = '/api/xm/' + xm_ver + '/plans/' + plan_id + '/forms/' + form_id + '/triggers';\n\nvar req = http.request({\n    method: 'POST',\n    endpoint: 'xMatters',\n    path: endpointpath,\n    headers: {\n        'Content-Type': 'application/json',\n    }\n});\n\n// Add requestId to payload\nvar payload = JSON.parse(request.body);\nif (!payload) {\n    payload = {};\n}\npayload.requestId = request.requestId;\npayload.integrationUUID = request.integrationUuid;\n\nvar response = req.write(payload);\n\n// If not 2xx response, throw exception to fail the integration\nif (response.statusCode >= 300) {\n    throw \"Failed to make call to xMatters endpoint. Path: \" + endpointpath + \". Server responded with status \" + response.statusCode;\n}\n\n",
      "environment": "HOSTED",
      "authType": "API_KEY"
    }
  ],
  "endpoints": [],
  "constants": []
}